{"users":[{"id":1,"name":"John Doe","email":"john.doe@gmail.com"},{"id":2,"name":"Jane Doe","email":"jane.doe@gmail.com"}],"posts":[{"id":1,"title":"Hello World","body":"muhamara","user_id":1,"last_update":"2019-01-01 00:00:00"},{"id":2,"title":"Hello World 2","body":"post tekst","user_id":2,"last_update":"2019-01-02 00:00:00"},{"id":3,"title":"Hello World 3","body":"bubamara","user_id":1,"last_update":"2019-01-03 00:00:00"},{"id":4,"title":"Hello World 4","body":"nesto nesto","user_id":1,"last_update":"2019-01-04 00:00:00"},{"id":5,"title":"neki","body":"post","user_id":"1","last_update":"2023-03-0521:14:32"}]}